<?xml version="1.0" encoding="UTF-8"?>
<project-private xmlns="http://www.netbeans.org/ns/project-private/1">
    <editor-bookmarks xmlns="http://www.netbeans.org/ns/editor-bookmarks/2" lastBookmarkId="0"/>
    <open-files xmlns="http://www.netbeans.org/ns/projectui-open-files/2">
        <group>
            <file>file:/C:/xampp/htdocs/ciolproject2/application/controllers/regc.php</file>
            <file>file:/C:/xampp/htdocs/ciolproject2/public/add_other_services_button.js</file>
            <file>file:/C:/xampp/htdocs/ciolproject2/application/views/registration.php</file>
        </group>
    </open-files>
</project-private>
